User_ID,First_Name,Last_Name,Username,Password,Email,Address,NIC,Mobile,Registered_Date

1002,Michael,Johnson,Mjohnson,password3,michael.johnson@example.com,789 Pine Road,NIC456789,456789123,6/15/2024
1003,Emily,Jones,Ejones,password4,emily.jones@example.com,101 Maple Street,NIC123789,321654987,6/16/2024
1004,Chris,Brown,Cbrown,password5,chris.brown@example.com,202 Oak Avenue,NIC987654,654321987,6/17/2024
1005,Ashley,Davis,Adavis,password6,ashley.davis@example.com,303 Pine Road,NIC456123,789123456,6/18/2024
1006,David,Miller,Dmiller,password7,david.miller@example.com,404 Birch Lane,NIC789456,123987654,6/19/2024
1007,Sarah,Wilson,Swilson,password8,sarah.wilson@example.com,505 Elm Street,NIC654123,456123789,6/20/2024
1008,Daniel,Moore,Dmoore,password9,daniel.moore@example.com,606 Cedar Avenue,NIC321456,789654321,6/21/2024
1009,Amanda,Taylor,Ataylor,password10,amanda.taylor@example.com,707 Spruce Road,NIC987123,123654789,6/22/2024
1010,Matthew,Anderson,Manderson,password11,matthew.anderson@example.com,808 Willow Street,NIC456987,456789654,6/23/2024
1011,Megan,Thomas,Mthomas,password12,megan.thomas@example.com,909 Pine Avenue,NIC123987,789321456,6/24/2024
1012,Andrew,Jackson,Ajackson,password13,andrew.jackson@example.com,111 Maple Road,NIC987321,321456123,6/25/2024
1013,Laura,White,Lwhite,password14,laura.white@example.com,222 Oak Lane,NIC654789,654321123,6/26/2024
1014,Joshua,Harris,Jharris,password15,joshua.harris@example.com,333 Pine Street,NIC123654,987654123,6/27/2024
1015,Elizabeth,Martinez,Emartinez,password16,elizabeth.martinez@example.com,444 Birch Avenue,NIC456321,321789654,6/28/2024
1016,Justin,Clark,Jclark,password17,justin.clark@example.com,555 Elm Road,NIC789654,654123987,6/29/2024
1017,Jessica,Rodriguez,Jrodriguez,password18,jessica.rodriguez@example.com,666 Cedar Street,NIC321789,987321654,6/30/2024
1018,Robert,Lewis,Rlewis,password19,robert.lewis@example.com,777 Spruce Lane,NIC654321,123987456,7/01/2024
1019,Alyssa,Walker,Awalker,password20,alyssa.walker@example.com,888 Willow Avenue,NIC123456,456321789,7/02/2024
1020,James,Lee,Jlee,password21,james.lee@example.com,999 Maple Street,NIC789123,789654123,7/03/2024
1021,Olivia,Allen,Oallen,password22,olivia.allen@example.com,1010 Oak Avenue,NIC456789,321987456,7/04/2024
1022,Brandon,Young,Byoung,password23,brandon.young@example.com,2020 Pine Road,NIC987654,654789321,7/05/2024
1023,Emma,Hernandez,Ehernandez,password24,emma.hernandez@example.com,3030 Birch Lane,NIC321456,987654789,7/06/2024
1024,Ryan,King,Rking,password25,ryan.king@example.com,4040 Elm Street,NIC654123,123789456,7/07/2024
1025,Amy,Wright,Awright,password26,amy.wright@example.com,5050 Cedar Avenue,NIC987321,456987123,7/08/2024
1026,Eric,Lopez,Elopez,password27,eric.lopez@example.com,6060 Spruce Road,NIC123654,789321987,7/09/2024
1027,Heather,Scott,Hscott,password28,heather.scott@example.com,7070 Willow Street,NIC456987,321654789,7/10/2024
1028,Kyle,Green,Kgreen,password29,kyle.green@example.com,8080 Maple Avenue,NIC789321,654123456,7/11/2024
1029,Brianna,Adams,Badams,password30,brianna.adams@example.com,9090 Oak Lane,NIC123789,987321456,7/12/2024
1030,Nathan,Baker,Nbaker,password31,nathan.baker@example.com,1111 Pine Street,NIC456123,123654987,7/13/2024
1031,Rachel,Nelson,Rnelson,password32,rachel.nelson@example.com,2222 Birch Avenue,NIC789456,456321123,7/14/2024
1032,Tyler,Carter,Tcarter,password33,tyler.carter@example.com,3333 Elm Road,NIC123987,789654321,7/15/2024
1033,Anna,Mitchell,Amitchell,password34,anna.mitchell@example.com,4444 Cedar Street,NIC987654,321987123,7/16/2024
1034,Jordan,Perez,Jperez,password35,jordan.perez@example.com,5555 Spruce Lane,NIC456321,654789456,7/17/2024
1035,Laura,Roberts,Lroberts,password36,laura.roberts@example.com,6666 Willow Avenue,NIC789987,987456321,7/18/2024
1036,Evan,Rogers,Erogers,password37,evan.rogers@example.com,7777 Maple Street,NIC321654,123789321,7/19/2024
1037,Kaitlyn,Turner,Kturner,password38,kaitlyn.turner@example.com,8888 Oak Avenue,NIC654987,456123654,7/20/2024
1038,Jake,Phillips,Jphillips,password39,jake.phillips@example.com,9999 Pine Road,NIC987321,789987654,7/21/2024
1039,Alyssa,Campbell,Acampbell,password40,alyssa.campbell@example.com,10101 Birch Lane,NIC321789,321456987,7/22/2024
1040,Sean,Bell,Sbell,password41,sean.bell@example.com,20202 Cedar Road,NIC456654,654321987,7/23/2024
1041,Nicole,Price,Nprice,password42,nicole.price@example.com,30303 Spruce Street,NIC123321,789654987,7/24/2024
1042,Ethan,Howard,Ehoward,password43,ethan.howard@example.com,40404 Maple Avenue,NIC654987,123789654,7/25/2024
1043,Madison,Ward,Mward,password44,madison.ward@example.com,50505 Oak Lane,NIC321123,456987654,7/26/2024
1044,Brian,Cooper,Bcooper,password45,brian.cooper@example.com,60606 Pine Road,NIC987456,789123321,7/27/2024
1045,Sophie,Peterson,Speterson,password46,sophie.peterson@example.com,70707 Birch Street,NIC456321,321654123,7/28/2024
1046,Zachary,Reed,Zreed,password47,zachary.reed@example.com,80808 Elm Avenue,NIC123456,654789987,7/29/2024
1047,Grace,Bailey,Gbailey,password48,grace.bailey@example.com,90909 Cedar Lane,NIC789654,987321789,7/30/2024
1048,Kevin,Morris,Kmorris,password49,kevin.morris@example.com,101010 Spruce Road,NIC654123,123456987,7/31/2024
1049,Isabella,Clark,Iclark,password50,isabella.clark@example.com,111111 Maple Street,NIC321789,456123321,8/01/2024


